order_id,date,region,amount
S-1090,2024-03-05T16:15:00+00:00,west,591.39
S-1022,09/02/2024,NORTH,379.22
S-1005,2024-05-26T12:30:00-05:00,West ,513.84
S-1020,2024-02-23, North,-999
S-1014,10/06/2024,west,335.88
S-1010,16/04/2024, East,145.97
S-1002,20/06/2024, South,-999
S-1076,2024-03-20, South,346.27
S-1032,2024-01-07T23:15:00-05:00,South,637.30
S-1053,09/02/2024,West,883.27
S-2002,2024-01-01T00:30:00+07:00,North,64.10
S-1088,08/01/2024,West ,209.51
S-1015,2024-03-01,NORTH,160.16
S-1071,2024-03-31,West,386.29
S-1025,2024-01-20T16:00:00-05:00,north,200.28
S-1048,2024-03-21, West,646.12
S-1023,01/05/2024,North ,205.13
S-1079,14/03/2024, South,384.80
S-1042,2024-02-27, West,577.22
S-1069,2024-06-11,North ,298.76
S-1057,20/01/2024,North ,579.47
S-1018,30/05/2024,south,545.00
S-1008,2024-05-08,North,560.80
S-1064,2024-03-18,WEST,152.57
S-1031,2024-01-31T18:15:00+00:00,East ,184.73
S-1041,07/06/2024, South,142.31
S-1011,2024-06-01,south,775.56
S-1054,2024-03-26T23:30:00-05:00,east,157.51
S-1030,10/04/2024,SOUTH,337.52
S-1081,2024-06-22,North,564.16
S-1003,08/02/2024, East,66.02
S-1016,10/04/2024,North ,114.29
S-1035,2024-01-22T05:15:00+07:00,West,237.99
S-1033,20/03/2024,North,-999
S-1073,2024-06-13T02:15:00Z,north,91.94
S-1066,12/06/2024,east,474.58
S-1063,2024-05-09, North,213.81
S-1026,2024-02-01T20:30:00-05:00,SOUTH,-999
S-2000,2024-03-31T22:30:00-05:00,North,120.50
S-1040,2024-01-02T08:15:00Z,SOUTH,65.02
S-1077,2024-06-24,WEST,726.47
S-1055,04/03/2024,North,641.28
S-1080,2024-05-01T01:00:00-05:00,North,805.09
S-1036,2024-04-01T22:30:00+00:00,North,521.40
S-1019,2024-01-17,south,343.24
S-1051,2024-01-12, North,300.86
S-1082,2024-04-19,North,-999
S-1039,2024-03-31T22:00:00+00:00, North,317.72
S-1045,2024-05-13T03:15:00Z,west,888.05
S-1053,09/02/2024,West,883.27
S-1022,09/02/2024,NORTH,379.22
S-1065,2024-06-23,SOUTH,376.78
S-1086,2024-05-18,north,889.11
S-1037,2024-04-02,east,794.72
S-1067,29/05/2024, South,-999
S-1072,2024-02-22, East,819.07
S-1087,2024-02-28,East ,56.53
S-2001,2024-04-01T02:00:00+07:00,North,80.25
S-1043,28/05/2024,EAST,442.21
S-1050,2024-03-24T01:45:00+07:00,West,118.69
S-1060,2024-03-06T09:30:00-05:00,East ,70.68
S-1027,2024-04-07, South,764.96
S-1006,2024-05-06,NORTH,245.70
S-1046,2024-06-24, South,237.68
S-1062,2024-06-17T18:00:00+00:00,North,825.79
S-1021,2024-02-17, South,784.21
S-1029,18/01/2024,WEST,792.66
S-1001,10/06/2024,north,150.15
S-1024,14/04/2024,west,363.91
S-1078,2024-03-13,South,297.76
S-1084,15/01/2024,East ,456.10
S-1038,2024-06-20,South,119.37
S-1049,2024-06-24T19:15:00+07:00,South,50.60
S-1028,21/06/2024,North ,245.23
S-1068,2024-05-12,WEST,-999
S-1012,2024-06-28T12:00:00+00:00,East ,560.80
S-1056,2024-03-23,North,426.00
S-1052,2024-05-03T22:30:00-05:00,South,808.27
S-1034,2024-02-24,East ,466.09
S-1047,19/03/2024,East,54.27
S-1061,2024-04-07T06:30:00+00:00,South,279.33
S-1089,2024-05-26T17:30:00+00:00, South,108.06
S-2003,2023-12-31T21:00:00-05:00,North,45.00
S-1074,2024-02-08,West,411.43
S-1058,2024-03-13,EAST,434.68
S-1059,2024-01-16T15:15:00-05:00,North ,-999
S-1075,02/04/2024,East ,397.17
S-1087,2024-02-28,East ,56.53
S-1044,2024-02-06T19:30:00+00:00, South,839.02
S-1021,2024-02-17, South,784.21
S-1009,2024-05-23,East ,615.00
S-1070,2024-02-26,EAST,807.17
S-1072,2024-02-22, East,819.07
S-1017,2024-05-09T18:45:00Z,North,458.27
S-1009,2024-05-23,East ,615.00
S-1013,11/04/2024,East,789.77
S-1024,14/04/2024,west,363.91
S-1004,02/03/2024,East,291.05
S-1083,2024-03-08, West,640.39
S-1085,2024-03-04,East,706.70
S-1007,11/03/2024, South,893.18
